Variable,Net_Carbon
167N_2050_CMAI31,18.7575264
167N_2050_CMAI41,26.01172256
167N_2050_CMAI21,17.95932913
167N_2050_NMGT,50.44137192
167S_2050_CMAI31,21.41876745
167S_2050_CMAI41,29.8627367
167S_2050_CMAI21,22.97014427
167S_2050_NMGT,56.7223053
505_2050_CMAI31,32.51501656
505_2050_CMAI41,39.65088463
505_2050_CMAI21,37.993
505_2050_NMGT,66.98155212
608_2050_NMGT,68.23196411
999_2050_NMGT,7.965801239
