VARIABLE,Total_Stand_Carbon
999_2021_AWR,4.819447041
999_2021_NMGT,7.013255119
999_2025_AWR,4.355601311
999_2025_NMGT,6.855062008
999_2030_AWR,6.587319851
999_2030_NMGT,6.872277737
999_2050_AWR,30.15151024
999_2050_NMGT,7.965801239
