Variable,Net_Carbon
167N_2021_PLSQ,0.0
167N_2025_PLSQ,1.8483619699999991
167N_2030_PLSQ,-0.38612365999999554
167N_2050_PLSQ,6.949192050000001
167N_2021_THNB,-0.2933295309999977
167N_2025_THNB,1.2360789769999956
167N_2030_THNB,1.2137418619999998
167N_2050_THNB,21.254669882000005
167S_2021_PLSQ,0.0
167S_2025_PLSQ,5.697898870000003
167S_2030_PLSQ,6.045703889999999
167S_2050_PLSQ,14.331241599999998
167S_2021_THNB,-0.4948469409999982
167S_2025_THNB,0.9712519039999987
167S_2030_THNB,1.3113395329999997
167S_2050_THNB,24.286824039000006
505_2021_ASV,0.12213066860000124
505_2025_ASV,4.385683644000004
505_2030_ASV,4.339367327
505_2050_ASV,32.05224335399999
505_2021_IFM,-0.9713975199999947
505_2025_IFM,2.5654400579999947
505_2030_IFM,4.084378122
505_2050_IFM,21.385965132000006
505_2021_PLSQ,0.0
505_2025_PLSQ,4.3222618100000005
505_2030_PLSQ,5.0554923999999986
505_2050_PLSQ,25.97364807000001
505_2021_THNB,-0.5276417819999941
505_2025_THNB,2.006318456999999
505_2030_THNB,3.3151385769999964
505_2050_THNB,27.965101463999996
608_2021_AWR,-7.36367607
608_2025_AWR,2.8130874690000027
608_2030_AWR,5.848815436000001
608_2050_AWR,28.759436135999994
608_2021_PLSQ,0.0
608_2025_PLSQ,3.2434158300000036
608_2030_PLSQ,3.1871528599999976
608_2050_PLSQ,15.234691619999992
999_2021_AWR,-0.8869566919999996
999_2025_AWR,0.5243731739999995
999_2030_AWR,2.9588107470000002
999_2050_AWR,23.911624785999997
999_2021_CAR,-0.8869566919999996
999_2025_CAR,0.2805896999999997
999_2030_CAR,1.5504631409999998
999_2050_CAR,19.025309446
999_2021_NAR,-0.884250641
999_2025_NAR,0.08660853000000035
999_2030_NAR,0.9123467799999996
999_2050_NAR,15.797280195999999
999_2021_PLSQ,0.0
999_2025_PLSQ,-0.10102605799999953
999_2030_PLSQ,0.09806585299999959
999_2050_PLSQ,1.2499690059999997
999_2021_SAR,-0.8869566919999996
999_2025_SAR,0.35208475699999964
999_2030_SAR,1.839819372
999_2050_SAR,21.066159128000002
