Variable,Net_Carbon
167N_2021_PLSQ,0.0
167N_2025_PLSQ,1.8483619699999991
167N_2030_PLSQ,-0.38612365999999554
167N_2050_PLSQ,6.949192050000001
167N_2021_THNB,-0.0023733319999976743
167N_2025_THNB,1.4271826739999955
167N_2030_THNB,1.3375942039999997
167N_2050_THNB,21.321870274000005
167S_2021_PLSQ,0.0
167S_2025_PLSQ,5.697898870000003
167S_2030_PLSQ,6.045703889999999
167S_2050_PLSQ,14.331241599999998
167S_2021_THNB,-0.05866742199999819
167S_2025_THNB,1.2456883179999987
167S_2030_THNB,1.4779494459999998
167S_2050_THNB,24.368459328000007
505_2021_ASV,0.12221391720000124
505_2025_ASV,4.564866278000004
505_2030_ASV,4.682305213999999
505_2050_ASV,33.06886124799999
505_2021_IFM,0.5209271900000054
505_2025_IFM,3.634485005999995
505_2030_IFM,4.851487874
505_2050_IFM,21.821342044000005
505_2021_PLSQ,0.0
505_2025_PLSQ,4.3222618100000005
505_2030_PLSQ,5.0554923999999986
505_2050_PLSQ,25.97364807000001
505_2021_THNB,0.33097361600000585
505_2025_THNB,2.599310643999999
505_2030_THNB,3.726560113999996
505_2050_THNB,28.209454027999996
608_2021_AWR,3.93984223
608_2025_AWR,11.308778768000003
608_2030_AWR,12.161154742
608_2050_AWR,31.947260861999993
608_2021_PLSQ,0.0
608_2025_PLSQ,3.2434158300000036
608_2030_PLSQ,3.1871528599999976
608_2050_PLSQ,15.234691619999992
999_2021_AWR,0.4323887820000003
999_2025_AWR,1.5118563179999995
999_2030_AWR,3.6863888510000002
999_2050_AWR,24.261733766999996
999_2021_CAR,0.4323887820000003
999_2025_CAR,1.2680728439999998
999_2030_CAR,2.278041245
999_2050_CAR,19.375418427
999_2021_NAR,0.43509483299999996
999_2025_NAR,1.0740916740000004
999_2030_NAR,1.6399248839999996
999_2050_NAR,16.147389177
999_2021_PLSQ,0.0
999_2025_PLSQ,-0.10102605799999953
999_2030_PLSQ,0.09806585299999959
999_2050_PLSQ,1.2499690059999997
999_2021_SAR,0.4323887820000003
999_2025_SAR,1.3395679009999997
999_2030_SAR,2.567397476
999_2050_SAR,21.416268109
