Variable,Total Stand Carbon
608_2050_AWR,46.7283783
608_2050_NMGT,68.23196411
999_2050_AWR,30.15151024
999_2050_CAR,23.66057205
999_2050_NAR,19.64910126
999_2050_NMGT,7.965801239
999_2050_SAR,26.01272392
