Variable,Total_Stand_Carbon
167N_2050_CMAI41,16.19678497
167S_2050_CMAI41,19.25231171
505_2050_CMAI41,20.77435303
167N_2050_CMAI31,13.76271915
167S_2050_CMAI31,17.68075752
505_2050_CMAI31,18.90710258
167N_2050_CMAI21,17.55308914
167S_2050_CMAI21,27.45142937
505_2050_CMAI21,27.781
167N_2050_NMGT,29.75567055
167S_2050_NMGT,54.79824829
505_2050_NMGT,66.97566223
608_2050_NMGT,68.34576416
999_2050_NMGT,7.923392296
