VARIABLE,Total_Stand_Carbon
608_2021_AWR,27.27161598
608_2021_NMGT,45.92776489
608_2025_AWR,21.58870697
608_2025_NMGT,49.10295486
608_2030_AWR,21.1189537
608_2030_NMGT,52.3863945
608_2050_AWR,46.7283783
608_2050_NMGT,68.23196411
999_2021_AWR,4.819447041
999_2021_NMGT,7.013255119
999_2025_AWR,4.355601311
999_2025_NMGT,6.855062008
999_2030_AWR,6.587319851
999_2030_NMGT,6.872277737
999_2050_AWR,30.15151024
999_2050_NMGT,7.965801239
